<application>
  <component name="CodeFoldingSettings">
    <option name="COLLAPSE_IMPORTS" value="false" />
    <option name="COLLAPSE_FILE_HEADER" value="false" />
  </component>
  <component name="CodeInsightSettings">
    <option name="REFORMAT_ON_PASTE" value="1" />
  </component>
  <component name="DefaultFont">
    <option name="FONT_SIZE" value="18" />
    <option name="FONT_FAMILY" value="Monospaced" />
    <option name="LINE_SPACING" value="1.1" />
  </component>
  <component name="JavaCodeFoldingSettings">
    <option name="collapseConstructorGenericParameters" value="false" />
  </component>
  <component name="OCCodeFoldingSettings">
    <option name="collapseConditionallyNotCompiled" value="false" />
    <option name="collapseNewLineBeforeLBrace" value="false" />
    <option name="collapseTemplateParamList" value="false" />
    <option name="COLLAPSE_TEMPLATE_PARAM_LIST" value="false" />
    <option name="COLLAPSE_CONDITIONALLY_NOT_COMPILED" value="false" />
    <option name="COLLAPSE_NEW_LINE_BEFORE_LBRACE" value="false" />
  </component>
  <component name="XmlFoldingSettings">
    <option name="COLLAPSE_HTML_STYLE_ATTRIBUTE" value="false" />
    <option name="COLLAPSE_ENTITIES" value="false" />
    <option name="COLLAPSE_DATA_URI" value="false" />
  </component>
</application>