<application>
  <component name="ParameterNameHintsSettings">
    <blacklists>
      <blacklist language="C/C++" />
    </blacklists>
    <option id="oc.clangd.namehints.enums" value="false" />
    <option id="oc.clangd.namehints.construct.expr" value="false" />
    <option id="oc.clangd.namehints.macro.expr" value="false" />
    <option id="oc.clangd.namehints.non.const.references" value="false" />
    <disabledLanguages>
      <language id="ObjectiveC" />
      <language id="SQL" />
    </disabledLanguages>
  </component>
</application>