<application>
  <component name="CodeFoldingSettings">
    <option name="COLLAPSE_IMPORTS" value="false" />
    <option name="COLLAPSE_FILE_HEADER" value="false" />
  </component>
  <component name="CodeInsightSettings">
    <option name="REFORMAT_ON_PASTE" value="1" />
  </component>
  <component name="DefaultFont">
    <option name="FONT_SIZE" value="19" />
    <option name="FONT_FAMILY" value="Monospaced" />
    <option name="FONT_REGULAR_SUB_FAMILY" value="Regular" />
    <option name="FONT_BOLD_SUB_FAMILY" value="Bold" />
  </component>
  <component name="InlayHintsSettings">
    <option name="disabledHintProviderIds">
      <set>
        <option value="Rust.chain-method.hints" />
        <option value="Rust.rust.type.hints" />
      </set>
    </option>
    <option name="lastViewedProviderKeyId" value="chain-method.hints" />
  </component>
  <component name="XmlFoldingSettings">
    <option name="COLLAPSE_HTML_STYLE_ATTRIBUTE" value="false" />
    <option name="COLLAPSE_ENTITIES" value="false" />
    <option name="COLLAPSE_DATA_URI" value="false" />
  </component>
</application>